ID,Name,PhotoUrl
889908130,Armando May,https://randomuser.me/api/portraits/men/33.jpg
295149563,Marcus Martin,https://randomuser.me/api/portraits/men/24.jpg
285261373,Lesa Webb,https://randomuser.me/api/portraits/women/46.jpg
697407306,Minnie Roberts,https://randomuser.me/api/portraits/women/91.jpg
545662288,Luis Knight,https://randomuser.me/api/portraits/men/20.jpg
243922117,Darrell Byrd,https://randomuser.me/api/portraits/men/64.jpg
468148131,Owen Torres,https://randomuser.me/api/portraits/men/74.jpg
141926433,Kaylee Douglas,https://randomuser.me/api/portraits/women/12.jpg
613048521,Dolores Sanchez,https://randomuser.me/api/portraits/women/46.jpg
97220574,Courtney Ruiz,https://randomuser.me/api/portraits/women/12.jpg
